"Year","Industry","A","L","E","NI","CFO","Lagged.Assets","Rev","Lagged.Rev","Rec","Lagged.Rec","PPE","TA","X.Rev","X.Rec","X..Revit....Recit.","TA_scaled","inv_Asset.x","rev_rec.x","ppe_scaled.x","BZ","Gwth","Lev","TANG","Years.of.Est","Age","SIG","AudFee","Audit.Firm.Tenure","AudTenure","AudRotation","(Intercept)","inv_Asset.y","rev_rec.y","ppe_scaled.y","NDA","DA.x","ADA.x","DA.y","ADA.y"
2013,"Access Bank",1704094012,1458912014,245181998,26211844,-80507219,1515754463,50463,180672,748349,557647,63203,-54295375,-130209,190702,-320911,-0.0358206928136223,6.59737460393676e-10,-0.000211717008152395,4.16973867092615e-05,12.1044385116132,-0.720692747077577,0.856121788895764,0.0366355492283703,24,3.17805383034795,1.1242,21.3305642371665,1,0,0,0.0705947015950758,-58929823.2228582,-473.139415759685,-4646.80255950644,0.0705947481578394,-0.106415440971462,0.106415440971462,-0.106415440971462,0.106415440971462
2014,"Access Bank",1981955730,1707799944,274155786,39941126,-291257104,1704094012,215210,50463,1075686,748349,64160,-251315978,164747,327337,-162590,-0.147477766033016,5.86822084320545e-10,-9.54114026896774e-05,3.76505049300062e-05,10.8289956734599,3.264708796544,0.861674112165966,0.0331025528701002,25,3.2188758248682,1.1242,21.4672774759819,2,0.693147180559945,0,0.0705947015950758,-58929823.2228582,-473.139415759685,-4646.80255950644,0.0705947121159721,-0.218072478148988,0.218072478148988,-0.218072478148988,0.218072478148988
2015,"Access Bank",2411944061,2051515157,360428904,58924745,-181246613,1981955730,322061,215210,1303630,1075686,65900,-122321868,106851,227944,-121093,-0.0617177599622773,5.04552137499055e-10,-6.10977319861731e-05,3.32499858611877e-05,12.2793695745916,0.496496445332466,0.850564982070702,0.0283001440609597,26,3.25809653802148,1.1242,21.6753677484223,3,1.09861228866811,0,0.0705947015950758,-58929823.2228582,-473.139415759685,-4646.80255950644,0.0705947064335702,-0.132312466395847,0.132312466395847,-0.132312466395847,0.132312466395847
2016,"Access Bank",3094960515,2673281895,421678620,64026135,-124135578,2411944061,331001,322061,1698569,1303630,71824,-60109443,8940,394939,-385999,-0.0249215742487321,4.14603313637961e-10,-0.000160036464460939,2.97784683987329e-05,12.6824962475787,0.0277587165164363,0.863753150337041,0.0241434257685031,27,3.29583686600433,1.1242,21.9713679137706,4,1.38629436111989,0,0.0705947015950758,-58929823.2228582,-473.139415759685,-4646.80255950644,0.0705947280935029,-0.095516302342235,0.095516302342235,-0.095516302342235,0.095516302342235
2017,"Access Bank",3499638979,3030192882,469491097,53238822,104360680,3094960515,398162,331001,1872712,1698569,83677,-51121858,67161,174143,-106982,-0.0165177738947665,3.23105899139395e-10,-3.45665153017308e-05,2.70365323222872e-05,12.7098766755027,0.202902710263715,0.865858707193237,0.0236735474376429,28,3.3322045101752,1.1242,22.134799690359,5,1.6094379124341,1,0.0705947015950758,-58929823.2228582,-473.139415759685,-4646.80255950644,0.0705947035208938,-0.0871124774156603,0.0871124774156603,-0.0871124774156603,0.0871124774156603
2018,"Access Bank",3968114609,3527314852,440799757,73596295,366002389,3499638979,435743,398162,1782755,1872712,88393,-292406094,37581,-89957,-52376,-0.083553216704528,2.85743759856551e-10,-1.49661151662467e-05,2.52577481650001e-05,12.8946142366261,0.0943862046101838,0.888914560078423,0.0209256025389158,29,3.36729582998647,1.1242,22.323492846559,6,1.79175946922805,1,0.0705947015950758,-58929823.2228582,-473.139415759685,-4646.80255950644,0.0705947024570142,-0.154147919161542,0.154147919161542,-0.154147919161542,0.154147919161542
2019,"Access Bank",6311041282,5768100178,542941104,735569054,1094573265,3968114609,572060.174,435743,2646036.672,1782755,188635,-359004211,136317.174,863281.672,-726964.498,-0.0904722384242002,2.52008850180869e-10,-0.000183201487263293,4.75376894538683e-05,12.9848078989962,0.312838471300744,0.913969647837902,0.0295544648042362,30,3.40119738166216,1.1242,22.6899039756343,7,1.94591014905531,1,0.0705947015950758,-58929823.2228582,-473.139415759685,-4646.80255950644,0.0705947374176926,-0.161066975841893,0.161066975841893,-0.161066975841893,0.161066975841893
2020,"Access Bank",7624979724,6971084063,653895661,80039328,-65407286,6311041282,634863.768,572060.174,3050664.007,2646036.672,191893,14632042,62803.594,404627.335,-341823.741,0.00231848301194491,1.58452457418104e-10,-5.41628117652995e-05,3.04059174113322e-05,13.2569994641296,0.109784943707688,0.914242963959389,0.0260927749817775,31,3.43398720448515,1.1242,22.8842582999889,8,2.07944154167984,1,0.0705947015950758,-58929823.2228582,-473.139415759685,-4646.80255950644,0.0705947054532057,-0.0682762224412608,0.0682762224412608,-0.0682762224412608,0.0682762224412608
2021,"Access Bank",9660760556,8789310442,871450114,111326487,500834811,7624979724,734281,634863.768,3578332,3050664.007,194070.95,-389508324,99417.232,527667.993,-428250.761,-0.0510831947229975,1.31147889725195e-10,-5.61641835783588e-05,2.54519955494638e-05,13.3611657162755,0.156596165998246,0.909794874953321,0.0211161234765526,32,3.46573590279973,1.1242,23.1855829984561,9,2.19722457733622,1,0.0705947015950758,-58929823.2228582,-473.139415759685,-4646.80255950644,0.0705947053972954,-0.121677900120293,0.121677900120293,-0.121677900120293,0.121677900120293
2022,"Access Bank",12535280000,11466613000,1068667000,166660000,698528000,9660760556,1114734,734281,4406962,3578332,245070,-531868000,380453,828630,-448177,-0.0550544645959239,1.03511519015853e-10,-4.63914820579681e-05,2.53675679652152e-05,13.506647068122,0.518129980211935,0.914747257340881,0.0209256025389158,33,3.49650756146648,0.6278,23.4294682653009,10,2.30258509299405,1,0.0705947015950758,-58929823.2228582,-473.139415759685,-4646.80255950644,0.0705947043907589,-0.125649168986683,0.125649168986683,-0.125649168986683,0.125649168986683
2013,"FCMB",131482189,160668,131321521,6027752,-1490927,890313606,130995,111789,450533,357799,26812,4536825,19206,92734,-73528,0.00509576060550511,1.12319972789453e-09,-8.25866295926292e-05,3.01152311043082e-05,11.6243684448804,0.171805812736495,0.00122197539622648,0.0236606866828054,31,3.43398720448515,0.9486,20.7315119144042,4,1.38629436111989,0,0.00654352434021305,-2719470.99667867,3.15701008527995,65.1957090345257,0.00654353206769158,-0.00144777146218647,0.00144777146218647,-0.00144777146218647,0.00144777146218647
2014,"FCMB",131573290,792674,130777616,5396968,7880607,131482189,148637,130995,617978,450533,28392,-2483639,17642,167445,-149803,-0.0188895470853471,7.60559287615755e-09,-0.00113934062962703,0.000215937992939865,11.7829144335159,0.134676896064735,0.00602458143290329,0.0210020612239573,32,3.46573590279973,0.9486,20.8797265186637,5,1.6094379124341,0,0.00654352434021305,-2719470.99667867,3.15701008527995,65.1957090345257,0.00654486906650022,-0.0254344161518473,0.0254344161518473,-0.0254344161518473,0.0254344161518473
2015,"FCMB",129378261,1028268,128349993,2523055,5312976,131573290,152508,148637,592957,617978,29971,-2789921,3871,-25021,-21150,-0.0212043113005687,7.60032678365039e-09,-0.000160746911474206,0.000227789394032786,11.9092623708515,0.0260433135760275,0.00794776488764214,0.0203119466244929,33,3.49650756146648,0.9486,20.8712841889991,6,1.79175946922805,1,0.00654352434021305,-2719470.99667867,3.15701008527995,65.1957090345257,0.00654360206779069,-0.0277479133683594,0.0277479133683594,-0.0277479133683594,0.0277479133683594
2016,"FCMB",131366185,1266203,130099982,3730260,1502130,129378261,176352,152508,659937,592957,32283,2228130,23844,66980,-43136,0.0172218267796937,7.72927377652726e-09,-0.00033340995362428,0.00024952414532763,11.9349723326701,0.156345896608702,0.00963872856625927,0.0212179524260661,34,3.52636052461616,0.9486,20.8826411969029,7,1.94591014905531,1,0.00654352434021305,-2719470.99667867,3.15701008527995,65.1957090345257,0.00654369776470939,0.0106781290149843,0.0106781290149843,0.0106781290149843,0.0106781290149843
2017,"FCMB",131636805,1992208,129644597,1524886,2825839,131366185,169881,176352,649797,659937,33402,-1300953,-6471,-10140,-16611,-0.00990325630602731,7.61230905807305e-09,-0.000126448065763651,0.000254266347157756,12.080237276683,-0.0366936581382689,0.0151341260523605,0.0186444238257644,35,3.55534806148941,0.9486,20.8940031842926,8,2.07944154167984,1,0.00654352434021305,-2719470.99667867,3.15701008527995,65.1957090345257,0.00654360498070174,-0.016446861286729,0.016446861286729,-0.016446861286729,0.016446861286729
2018,"FCMB",132792066,1685983,131106083,3552392,-1262734,131636805,177249,169881,633035,649797,37282,2289658,7368,-16762,-9394,0.0173937524539584,7.59665961202872e-09,-7.13630203953978e-05,0.000283218663655655,12.042853470918,0.0433715365461706,0.0126964136547134,0.0168552232133565,36,3.58351893845611,0.9486,21.081847577193,9,2.19722457733622,1,0.00654352434021305,-2719470.99667867,3.15701008527995,65.1957090345257,0.00654360964570523,0.0108501428082532,0.0108501428082532,0.0108501428082532,0.0108501428082532
2019,"FCMB",134019820,2080359,131939461,3601460,2606461,132792066,181249.93,177248,715881,633035,43697,994999,4001.92999999999,82846,-78844.07,0.00749291000563241,7.53057038814352e-09,-0.000593740818822715,0.000329063334250707,12.0853051608328,0.0225781391045315,0.0155227711841428,0.0164349508899998,37,3.61091791264422,0.9486,21.2351943293292,10,2.30258509299405,1,0.00654352434021305,-2719470.99667867,3.15701008527995,65.1957090345257,0.00654398515105099,0.000948924854581425,0.000948924854581425,0.000948924854581425,0.000948924854581425
2020,"FCMB",134719755,2492400,132227355,3060273,2215658,134019820,198371,181249.93,822772,715881,16322,844615,17121.07,106891,-89769.93,0.00630216485889923,7.46158292109331e-09,-0.000669825776515742,0.000121787956438085,12.1076321865099,0.094461112343602,0.0185006274692231,0.0182056140330515,38,3.63758615972639,0.9486,21.4451916572478,1,0,0,0.00654352434021305,-2719470.99667867,3.15701008527995,65.1957090345257,0.00654398783909032,-0.000241822980191094,0.000241822980191094,-0.000241822980191094,0.000241822980191094
2021,"FCMB",141899520,7556691,134342829,5088698,-4142957,134719755,212012,198371,1063589,822772,47085,945741,13641,240817,-227176,0.00702006175708975,7.42281634939137e-09,-0.00168628572698933,0.000349503307811093,12.1978942937943,0.0687650916716657,0.0532538165033962,0.014830743235686,39,3.66356164612965,0.9486,21.6368319123129,2,0.693147180559945,0,0.00654352434021305,-2719470.99667867,3.15701008527995,65.1957090345257,0.00654649005232832,0.000473571704761422,0.000473571704761422,0.000473571704761422,0.000473571704761422
2022,"FCMB",146678047,9031572,137646475,7264188,5975272,141899520,282982,212012,1195627,1063589,50968,1288916,70970,132038,-61068,0.00908330063413886,7.04724018798654e-09,-0.000430360863799962,0.000359183737901298,12.2643981558258,0.334745203101711,0.0615741222679356,0.012985015292129,40,3.68887945411394,0.9486,21.8162129611639,3,1.09861228866811,0,0.00654352434021305,-2719470.99667867,3.15701008527995,65.1957090345257,0.00654383856364376,0.0025394620704951,0.0025394620704951,0.0025394620704951,0.0025394620704951
2013,"Fidelity Bank",1081217000,917762000,163455000,7721000,15048000,914360000,126918,119137,506951,443500,470,-7327000,7781,63451,-55670,-0.00801325517301719,1.09366114003237e-09,-6.08841156656022e-05,5.14020735815215e-07,11.6880293704057,0.0653113642277378,0.848823131711765,0.0346553929507213,25,3.2188758248682,0.954,20.8013530955134,3,1.09861228866811,0,-0.101695369624802,60984569.1304334,-428.587652490142,-884.506478398907,-0.101695365917663,0.0936821107446455,0.0936821107446455,0.0936821107446455,0.0936821107446455
2014,"Fidelity Bank",1187025000,1013914000,173111000,13796000,53565000,1081217000,136094,126918,610421,506951,37958,-39769000,9176,103470,-94294,-0.0367817006206895,9.24883718994429e-10,-8.72109853988607e-05,3.51067362055906e-05,11.7512964876152,0.0722986495217385,0.854163981382027,0.0319774225479666,26,3.25809653802148,16.8504,20.8947160138517,4,1.38629436111989,0,-0.101695369624802,60984569.1304334,-428.587652490142,-884.506478398907,-0.101695360786564,0.0649136601658741,0.0649136601658741,0.0649136601658741,0.0649136601658741
2015,"Fidelity Bank",1231722000,1048206000,183516000,13904000,107132000,1187025000,146948,136094,658145,610421,39985,-93228000,10854,47724,-36870,-0.0785392051557465,8.42442240053916e-10,-3.10608453907879e-05,3.36850529685558e-05,11.8211011024363,0.0797536996487722,0.851008587976832,0.0324626823260444,27,3.29583686600433,0.954,20.9316790272444,5,1.6094379124341,1,-0.101695369624802,60984569.1304334,-428.587652490142,-884.506478398907,-0.101695367525344,0.0231561623695971,0.0231561623695971,0.0231561623695971,0.0231561623695971
2016,"Fidelity Bank",1298141000,1112739000,185402000,9734000,-56907000,1231722000,152021,146948,767601,658145,40356,-47173000,5073,109456,-104383,-0.0382984147396896,8.11871509967347e-10,-8.47455838249215e-05,3.27638866562422e-05,11.897834061683,0.0345224160927675,0.857178842668092,0.0310875320939713,28,3.3322045101752,0.954,20.9841990779881,6,1.79175946922805,1,-0.101695369624802,60984569.1304334,-428.587652490142,-884.506478398907,-0.101695361369516,0.0633969466298266,0.0633969466298266,0.0633969466298266,0.0633969466298266
2017,"Fidelity Bank",1379214000,1175899000,203315000,18857000,-38026000,1298141000,179896,152021,821024,767601,38504,-19169000,27875,53423,-25548,-0.0147665007114019,7.7033234448338e-10,-1.96804507368614e-05,2.96608765919881e-05,11.9317739481802,0.183362824872879,0.852586328155022,0.0279173500268994,29,3.36729582998647,0.954,21.0447796086343,7,1.94591014905531,1,-0.101695369624802,60984569.1304334,-428.587652490142,-884.506478398907,-0.101695368357715,0.0869288676463128,0.0869288676463128,0.0869288676463128,0.0869288676463128
2018,"Fidelity Bank",1719883000,1525467000,194416000,22926000,175265000,1379214000,189005,180244,961513,821024,36909,-152339000,8761,140489,-131728,-0.110453490176289,7.25050644787538e-10,-9.55094713365729e-05,2.67608942484633e-05,12.1020667674919,0.0486063336366259,0.886959752494792,0.0214601807215956,30,3.40119738166216,0.954,21.2655221022023,8,2.07944154167984,0,-0.101695369624802,60984569.1304334,-428.587652490142,-884.506478398907,-0.101695359786598,-0.00875813038969091,0.00875813038969091,-0.00875813038969091,0.00875813038969091
2019,"Fidelity Bank",2114037000,1880007000,234030000,28425000,-26051000,1719883000,218011,189005,1276843,961513,38392,2374000,29006,315330,-286324,0.00138032645243892,5.81434899932147e-10,-0.000166478766288172,2.2322448678195e-05,12.1495287487183,0.1534668395016,0.889297112586014,0.0181605146929784,31,3.43398720448515,0.954,21.4718652266065,9,2.19722457733622,0,-0.101695369624802,60984569.1304334,-428.587652490142,-884.506478398907,-0.101695341411331,0.10307566786377,0.10307566786377,0.10307566786377,0.10307566786377
2020,"Fidelity Bank",2758148000,2484615000,273533000,26650000,242619000,2114037000,206204,218011,1326106,1276843,38446,-215969000,-11807,49263,-61070,-0.102159517548652,4.73028617758346e-10,-2.88878576865022e-05,1.81860582383374e-05,12.2923007992138,-0.0541578177247937,0.900827294256871,0.0139390634585236,32,3.46573590279973,0.954,21.7378252769517,10,2.30258509299405,0,-0.101695369624802,60984569.1304334,-428.587652490142,-884.506478398907,-0.101695368459561,-0.000464149089090732,0.000464149089090732,-0.000464149089090732,0.000464149089090732
2021,"Fidelity Bank",3289479000,2991710000,297769000,35579000,-117000,2758148000,203566,206204,1658412,1326106,39440,35462000,-2638,332306,-334944,0.0128571780774636,3.62562125020122e-10,-0.00012143800840274,1.42994502107936e-05,12.2366212490189,-0.0127931562918275,0.909478370282954,0.0119897406245792,33,3.49650756146648,1.3608,21.913995030521,1,0,0,-0.101695369624802,60984569.1304334,-428.587652490142,-884.506478398907,-0.101695354673138,0.114552532750602,0.114552532750602,0.114552532750602,0.114552532750602
2022,"Fidelity Bank",3989009000,3674649000,314360000,46724000,297592000,3289479000,295578,203566,2116212,1658412,42657,-250868000,92012,457800,-365788,-0.076263748757782,3.03999508736794e-10,-0.000111199372301814,1.29677070441854e-05,12.2237455556073,0.452000825285165,0.921193459327868,0.0181605146929784,34,3.52636052461616,1.3608,22.1068086660717,2,0.693147180559945,0,-0.101695369624802,60984569.1304334,-428.587652490142,-884.506478398907,-0.101695357091341,0.0254316083335586,0.0254316083335586,0.0254316083335586,0.0254316083335586
2013,"GT BANK",1904365795,1574719114,329646681,85545510,306604430,1620317223,242665011,223064885,1007967114,783914842,68306197,-221058920,19600126,224052272,-204452146,-0.136429408304821,6.17163099796292e-10,-0.126180320185364,0.0421560642758162,19.2229732512281,0.0878673754499728,0.826899494905074,0.0324827322208408,23,3.13549421592915,3.5424,21.4665576996163,3,1.09861228866811,0,-0.0213015223482424,-173512182.309369,-0.0936521842748567,1.23432065499331,-0.00360291539093462,-0.132826492913886,0.132826492913886,-0.132826492913886,0.132826492913886
2014,"GT BANK",2126608312,1757077986,369530326,93431604,-91880008,1904365795,278520814,242665011,1281376727,1007967114,76236447,1551596,35855803,273409613,-237553810,0.000814757335000338,5.25109200462194e-10,-0.124741691235848,0.0400324597302484,19.3071924946674,0.147758438071651,0.826234890593242,0.032360119963265,24,3.17805383034795,3.5424,21.5801786930432,4,1.38629436111989,0,-0.0213015223482424,-173512182.309369,-0.0936521842748567,1.23432065499331,-0.0041384349838088,0.00495319231880913,0.00495319231880913,0.00495319231880913,0.00495319231880913
2015,"GT BANK",2277629224,1872020876,405608348,94308123,10429148,2126608312,301850111,278520814,1372977068,1281376727,87988778,83878975,23329297,91600341,-68271044,0.0394426065800123,4.70232338676197e-10,-0.0321032526839856,0.0413751688562007,19.4450033506252,0.0837614132493524,0.821916427956757,0.0348526488386334,25,3.2188758248682,3.5424,21.6493459794,5,1.6094379124341,1,-0.0213015223482424,-173512182.309369,-0.0936521842748567,1.23432065499331,-0.0185589989174714,0.0580016054974837,0.0580016054974837,0.0580016054974837,0.0580016054974837
2016,"GT BANK",2613340074,2136422221,476917853,126836792,268884139,2277629224,196152958,165241862,1590083552,1372977068,93488055,-142047347,30911096,217106484,-186195388,-0.0623663173545581,4.39053024725327e-10,-0.0817496482913059,0.0410462133234378,18.9229207888873,0.187065769084592,0.8175063943094,0.0299987972731706,26,3.25809653802148,3.5424,21.8599422211049,6,1.79175946922805,1,-0.0213015223482424,-173512182.309369,-0.0936521842748567,1.23432065499331,-0.012933725724297,-0.0494325916302612,0.0494325916302612,-0.0494325916302612,0.0494325916302612
2017,"GT BANK",2824928985,2240584624,584344361,161284680,353397327,2613340074,419226271,NA,1449283791,1590083552,98669998,-192112647,419226271,-140799761,278426510,-0.0735123028615066,3.82652074235938e-10,0.106540481573773,0.0377562793995559,NA,NA,0.793147238708374,0.0294440919019758,27,3.29583686600433,3.5424,21.932553490108,7,1.94591014905531,1,-0.0213015223482424,-173512182.309369,-0.0936521842748567,1.23432065499331,-0.00852511150017354,-0.064987191361333,0.064987191361333,-0.064987191361333,0.064987191361333
2018,"GT BANK",2712521494,2200679235,511842259,166919765,224625664,2824928985,434653969,419226271,1262005001,1449283791,111825917,-57705899,15427698,-187278790,-171851092,-0.0204273804072282,3.53991199534526e-10,-0.0608337741983981,0.0395853904978783,19.8539213583777,0.0368004084362356,0.811303888233816,0.0340171163192112,28,3.3322045101752,3.5424,21.9133453674492,8,2.07944154167984,1,-0.0213015223482424,-173512182.309369,-0.0936521842748567,1.23432065499331,-0.0160337711241512,-0.00439360928307702,0.00439360928307702,-0.00439360928307702,0.00439360928307702
2019,"GT BANK",3097248495,2491358899,605889596,175125281,197853667,2712521494,435306541,434653969,1502085356,1262005001,141774863,-22728386,652572,240080355,-239427783,-0.00837906208311137,3.68660673182485e-10,-0.0882676076593699,0.0522668164339346,19.8900607989328,0.00150135980927854,0.804378112709358,0.03771692650863,29,3.36729582998647,3.5424,22.0473971918244,9,2.19722457733622,1,-0.0213015223482424,-173512182.309369,-0.0936521842748567,1.23432065499331,-0.0107785316861953,0.00239946960308392,0.00239946960308392,0.00239946960308392,0.00239946960308392
2020,"GT BANK",4061543605,3359144080,702399525,178188398,327793445,3097248495,455229759,435306541,1662830742,1502085356,148782835,-149605047,19923218,160745386,-140822168,-0.0483025650804296,3.22867216374255e-10,-0.0454668613859477,0.0480370997807201,19.8915610328282,0.045768248632864,0.827060942018373,0.0300896394921414,30,3.40119738166216,3.5424,22.321572686924,10,2.30258509299405,1,-0.0213015223482424,-173512182.309369,-0.0936521842748567,1.23432065499331,-0.0169267239086105,-0.031375841171819,0.031375841171819,-0.031375841171819,0.031375841171819
2021,"GT BANK",143716044,6076055,137639949,8282599,4157726,4061543605,447729585,455229759,1802702395,1662830742,203971924,4124873,-7500174,139871653,-147371827,0.00101559244493203,2.46211809413776e-10,-0.0362846841822839,0.0502202964776492,19.9363128142985,-0.0164755793129069,0.0422781954671672,0.0375221874238423,31,3.43398720448515,3.5424,22.4163157712205,1,0,0,-0.0213015223482424,-173512182.309369,-0.0936521842748567,1.23432065499331,-0.0174628658637313,0.0184784583086633,0.0184784583086633,0.0184784583086633,0.0184784583086633
2022,"GT BANK",163995022,26043503,137951519,88605108,21669857,143716044,538784897,447729585,1885853404,1802702395,197860484,66935251,91055312,83151009,7904303,0.465746545319603,6.95816536670046e-09,0.0549994473825066,1.37674596720739,19.9197000032258,0.203371220152897,0.158806667924347,0.0340171163192112,32,3.46573590279973,3.5424,22.5867964259309,2,0.693147180559945,0,-0.0213015223482424,-173512182.309369,-0.0936521842748567,1.23432065499331,1.87715287508595,-1.41140632976635,1.41140632976635,-1.41140632976635,1.41140632976635
2013,"Stanbic Bank",761451,660242,97634,20773,91682,676819,111226,91860,383927,290915,24988,-70909,19366,93012,-73646,-0.104768039904317,1.47749989288126e-06,-0.108811957111133,0.0369197673233169,11.4280209578798,0.210820814282604,0.867084027731266,0.0361366923800898,6,1.79175946922805,0.6696,20.452828875767,3,1.09861228866811,0,-0.100010169804128,-80388.0110541749,0.240588057453744,4.74166565736156,-0.0868070585723823,-0.0179609813319348,0.0179609813319348,-0.0179609813319348,0.0179609813319348
2014,"Stanbic Bank",941919,821675,120244,34459,28383,761451,130654,111226,407418,383927,24004,6076,19428,23491,-4063,0.00797950229233398,1.31328214159545e-06,-0.00533586534130233,0.0315240245268573,11.6193194464183,0.174671389782964,0.872341464605768,0.0327476980417956,7,1.94591014905531,0.6696,20.6662107118896,4,1.38629436111989,0,-0.100010169804128,-80388.0110541749,0.240588057453744,4.74166565736156,-0.0989879342210931,0.106967436513427,0.106967436513427,0.106967436513427,0.106967436513427
2015,"Stanbic Bank",937564,808597,128967,18891,15082,941919,140027,130654,380295,407418,25311,3809,9373,-27123,-17750,0.00404387213762542,1.0616624147087e-06,-0.0188445078610794,0.0268717373786918,11.7803078866301,0.0717390971573775,0.862444590449292,0.0254133749478583,8,2.07944154167984,0.6696,20.6587955801454,5,1.6094379124341,1,-0.100010169804128,-80388.0110541749,0.240588057453744,4.74166565736156,-0.0989329640567254,0.102976836194351,0.102976836194351,0.102976836194351,0.102976836194351
2016,"Stanbic Bank",1053523,912725,143268,28520,201295,937564,156425,140027,368229,380295,22962,-172775,16398,-12066,4332,-0.184280753100588,1.06659385385958e-06,0.00462048457491969,0.0244911280723236,11.8495905401398,0.117105986702565,0.866355077202871,0.0269965570350397,9,2.19722457733622,0.1886,20.7754056229588,6,1.79175946922805,1,-0.100010169804128,-80388.0110541749,0.240588057453744,4.74166565736156,-0.0993890055710286,-0.0848917475295598,0.0848917475295598,-0.0848917475295598,0.0848917475295598
2017,"Stanbic Bank",1332670,1193970,185218,49281,131796,1053523,166437,156425,381323,368229,18597,-82515,10012,13094,-3082,-0.0783229222333067,9.49196173220708e-07,-0.00292542260586622,0.0176522012333855,11.9603319408666,0.0640051142720153,0.895923221802847,0.0217954425294939,10,2.30258509299405,0.1886,21.04998783698,7,1.94591014905531,1,-0.100010169804128,-80388.0110541749,0.240588057453744,4.74166565736156,-0.0996900114974204,0.0213670892641137,0.0213670892641137,0.0213670892641137,0.0213670892641137
2018,"Stanbic Bank",1663661,1423994,238663,74440,112820,1332670,222360,166437,441261,381323,18004,-38380,55923,59938,-4015,-0.0287993276655136,7.50373310722084e-07,-0.00301274884254917,0.0135097210862404,12.0223721384211,0.336001009390941,0.855940002199967,0.015783862852131,11,2.39789527279837,0.2706,21.1929656700508,8,2.07944154167984,1,-0.100010169804128,-80388.0110541749,0.240588057453744,4.74166565736156,-0.0998185805841489,0.0710192529186353,0.0710192529186353,0.0710192529186353,0.0710192529186353
2019,"Stanbic Bank",1876456,1574227,302225,75028,-225363,1663661,233808,222360,535170,441261,27778,-150335,11448,93909,-82461,-0.0903639623697376,6.0108399487636e-07,-0.0495659873014995,0.0166969112096755,12.3120529690674,0.0514840798704803,0.838936271354085,0.0112559189853918,12,2.484906649788,0.2706,21.3526507283561,9,2.19722457733622,1,-0.100010169804128,-80388.0110541749,0.240588057453744,4.74166565736156,-0.0972745958626507,0.00691063349291311,0.00691063349291311,0.00691063349291311,0.00691063349291311
2020,"Stanbic Bank",2486306,2107705,378601,83211,495438,1876456,234446,233808,632967,535170,30728,-412227,638,97797,-97159,-0.219683808200139,5.32919503574824e-07,-0.0517779260478263,0.0163755505058472,12.3622555447144,0.00272873468829125,0.847725501205403,0.0148034379703015,13,2.56494935746154,0.2706,21.6340639117601,10,2.30258509299405,1,-0.100010169804128,-80388.0110541749,0.240588057453744,4.74166565736156,-0.0970610575236605,-0.122622750676479,0.122622750676479,-0.122622750676479,0.122622750676479
2021,"Stanbic Bank",2742764,2365898,376866,56966,83601,2486306,206644,234446,937140,632967,42720,-26635,-27802,304173,-331975,-0.0107126797747341,4.02203107742973e-07,-0.133521376692973,0.0171821167627798,12.3649805631651,-0.118585943031658,0.862596271498386,0.0123588970947261,14,2.63905732961526,0.2706,21.7322320080149,1,0,0,-0.100010169804128,-80388.0110541749,0.240588057453744,4.74166565736156,-0.0818869866335297,0.0711743068587957,0.0711743068587957,0.0711743068587957,0.0711743068587957
2022,"Stanbic Bank",3029026,2621356,407670,80834,-84232,2742764,287537,206644,937140,937140,61548,-3398,80893,0,80893,-0.00123889623751807,3.64595714396135e-07,0.0294932411246465,0.0224401370296533,12.2387527849188,0.391460676332243,0.865412182001739,0.0155755289190029,15,2.70805020110221,0.2706,21.8315069526457,2,0.693147180559945,0,-0.100010169804128,-80388.0110541749,0.240588057453744,4.74166565736156,-0.0986367587820491,0.097397862544531,0.097397862544531,0.097397862544531,0.097397862544531
2013,"Sterling Bank",707797181,644339285,63457896,8274864,-43952582,580225940,91742770,68856815,321743748,229420874,9069368,-35677718,22885955,92322874,-69436919,-0.0614893536128357,1.72346655166779e-09,-0.119672207347365,0.0156307523927662,18.0475397615374,0.332370223630007,0.910344520007349,0.0134315194525774,55,4.00733318523247,15.5841,20.3776681431042,4,1.38629436111989,0,-0.00750755035267754,6408848.80361597,0.0700318565088452,-2.90674751122471,0.00705820727907725,-0.068547560891913,0.068547560891913,-0.068547560891913,0.068547560891913
2014,"Sterling Bank",824539426,739824141,84715285,9004973,-755006,707797181,103677466,91742770,371246273,321743748,13952027,8249967,11934696,49502525,-37567829,0.0116558347807265,1.41283410960632e-09,-0.0530771102350576,0.0197118996437484,18.3344992407041,0.130088681647611,0.89725744782033,0.0128135124629721,56,4.02535169073515,15.5841,20.5303355168922,5,1.6094379124341,0,-0.00750755035267754,6408848.80361597,0.0700318565088452,-2.90674751122471,-0.00430181173420787,0.0159576465149344,0.0159576465149344,0.0159576465149344,0.0159576465149344
2015,"Sterling Bank",799451417,703885670,10292577,10292577,54691995,824539426,110193835,103677466,338726271,371246273,15258217,-44399418,6516369,-32520002,-26003633,-0.0538475379102127,1.21279828285616e-09,-0.0315371614504217,0.0185051393770466,18.4567953496831,0.062852317397495,0.880460844814539,0.0169209943879627,57,4.04305126783455,15.5841,20.4994413250812,6,1.79175946922805,1,-0.00750755035267754,6408848.80361597,0.0700318565088452,-2.90674751122471,-0.00617051761696365,-0.047677020293249,0.047677020293249,-0.047677020293249,0.047677020293249
2016,"Sterling Bank",830802224,745123602,85678622,5180964,-124892482,799451417,111238000,110193835,468250000,338726271,14604187,-119711518,1044165,129523729,-128479564,-0.149742079949306,1.25085774912073e-09,-0.160709658233053,0.0182677604785583,18.5177515093795,0.00947571159493632,0.896872420986682,0.0190857634779151,58,4.06044301054642,15.5841,20.5419716921839,7,1.94591014905531,1,-0.00750755035267754,6408848.80361597,0.0700318565088452,-2.90674751122471,0.0186537549696092,-0.168395834918915,0.168395834918915,-0.168395834918915,0.168395834918915
2017,"Sterling Bank",1068798000,965905000,102893000,8455000,-46542000,830802224,133022000,111238000,598073000,468250000,16451000,-38087000,21784000,129823000,-108039000,-0.0458436423251558,1.20365590162407e-09,-0.130041779955563,0.0198013432376175,18.5271826080242,0.195832359445513,0.90373017165077,0.017507028225406,59,4.07753744390572,15.5841,20.7929793820191,8,2.07944154167984,1,-0.00750755035267754,6408848.80361597,0.0700318565088452,-2.90674751122471,0.00979540737534736,-0.0556390497005032,0.0556390497005032,-0.0556390497005032,0.0556390497005032
2018,"Sterling Bank",1085876000,987867000,97800000,9468000,35056000,1068798000,147791000,133022000,621017000,598073000,16942000,-25588000,14769000,22944000,-8175000,-0.0239409130630858,9.35630493320534e-10,-0.00764877928289536,0.0158514518178365,18.7060250860406,0.111026747455308,0.909741996323705,0.01534320523857,60,4.0943445622221,5.6795,20.821227951806,9,2.19722457733622,1,-0.00750755035267754,6408848.80361597,0.0700318565088452,-2.90674751122471,-0.00719777800342589,-0.0167431350596599,0.0167431350596599,-0.0167431350596599,0.0167431350596599
2019,"Sterling Bank",1165509000,1046181000,119328000,10163000,114414000,1085876000,147439000,147791000,618732000,621017000,18476000,-104251000,-352000,-2285000,-2637000,-0.096006358000361,9.20915463644099e-10,-0.00242845407762949,0.0170148341062884,18.8113096715255,-0.00238174178400579,0.89761726421675,0.0153610276710662,61,4.11087386417331,5.6795,20.8910531142966,10,2.30258509299405,1,-0.00750755035267754,6408848.80361597,0.0700318565088452,-2.90674751122471,-0.00721214838380586,-0.0887942096165551,0.0887942096165551,-0.0887942096165551,0.0887942096165551
2020,"Sterling Bank",1281830000,1146440000,135390000,11110000,4406000,1165509000,133413000,147439000,596827000,618732000,15956000,6704000,-14026000,-21905000,-35931000,0.0057519933351008,8.57994232562769e-10,-0.0308285907702128,0.0136901559747715,18.8089250888829,-0.0951308676808714,0.894377569568508,0.0156220802665122,62,4.12713438504509,5.6795,20.9849183096887,1,0,0,-0.00750755035267754,6408848.80361597,0.0700318565088452,-2.90674751122471,-0.00636972797318671,0.0121217213082875,0.0121217213082875,0.0121217213082875,0.0121217213082875
2021,"Sterling Bank",1611749000,1470733000,141016000,13403000,145027000,1281830000,144759000,133413000,711900000,596827000,16939000,-131624000,11346000,115073000,-103727000,-0.10268444333492,7.80134651240804e-10,-0.0809210269692549,0.013214700857368,18.7089601379721,0.085044186098806,0.912507468594676,0.0122825856859689,63,4.14313472639153,5.6795,21.2113113531179,2,0.693147180559945,0,-0.00750755035267754,6408848.80361597,0.0700318565088452,-2.90674751122471,-0.000784709428168935,-0.101899733906751,0.101899733906751,-0.101899733906751,0.101899733906751
2022,"Sterling Bank",1857992000,1703994000,153552000,19327000,70837000,1611749000,144448000,144759000,100441000,711900000,17913000,-51510000,-311000,-611459000,-611770000,-0.031959070550067,6.20444002136809e-10,-0.379569027187236,0.0111140134102767,18.7905808486503,-0.00214839837246734,0.917115897162098,0.0103975805476423,64,4.15888308335967,5.6795,21.3427621716237,3,1.09861228866811,0,-0.00750755035267754,6408848.80361597,0.0700318565088452,-2.90674751122471,0.136688617341271,-0.168647687891338,0.168647687891338,-0.168647687891338,0.168647687891338
2013,"UBA",2217417000,1957879000,259538000,46483000,136105000,1933065000,214273,177429,823193,598592,67661,-89622000,36844,224601,-187757,-0.0463626417114789,5.17313178811887e-10,-9.71291705141834e-05,3.50019269915911e-05,12.0863258078763,0.207654892943093,0.882954807327625,0.0285391947003667,64,4.15888308335967,1.1316,21.6949140731071,4,1.38629436111989,0,-0.198345334783103,466877470.864907,290.150258992775,-788.146369074597,-0.198345324123892,0.151982682412413,0.151982682412413,0.151982682412413,0.151982682412413
2014,"UBA",2338858000,2056925000,281933000,40083000,-92619000,2217417000,314844,214273,933578,823193,81050,-52536000,100571,110385,-9814,-0.023692431328884,4.50975166150526e-10,-4.42587028060126e-06,3.65515372165001e-05,12.2750061819235,0.469359181978131,0.879456982852315,0.0324034876182457,65,4.17438726989564,1.1316,21.7394283287805,5,1.6094379124341,0,-0.198345334783103,466877470.864907,290.150258992775,-788.146369074597,-0.1983453334275,0.174652902098616,0.174652902098616,0.174652902098616,0.174652902098616
2015,"UBA",2216337000,1878106000,338231000,47642000,58408000,2338858000,383647,314844,824153,933578,80145,-10766000,68803,-109425,-40622,-0.00460310117159742,4.27559090804145e-10,-1.7368305386646e-05,3.42667233324982e-05,12.6598325570416,0.218530446824459,0.84739189031271,0.032269232753353,66,4.18965474202643,1.1316,21.7358197489213,6,1.79175946922805,1,-0.198345334783103,466877470.864907,290.150258992775,-788.146369074597,-0.198345333307236,0.193742232135639,0.193742232135639,0.193742232135639,0.193742232135639
2016,"UBA",2539585000,2148685000,390900000,47541000,-213392000,2216337000,269895,383647,1193188,824153,80252,-165851000,-113752,369035,-482787,-0.0748311290205416,4.51194922071869e-10,-0.000217831042842311,3.62092948861116e-05,12.857478137948,-0.296501732060983,0.846077213402977,0.0268034824096083,67,4.20469261939097,1.1316,21.9773051334457,7,1.94591014905531,1,-0.198345334783103,466877470.864907,290.150258992775,-788.146369074597,-0.198345286021627,0.123514157001085,0.123514157001085,0.123514157001085,0.123514157001085
2017,"UBA",2931826000,2529311000,402515000,42438000,59151000,2539585000,316272,269895,1469512,1193188,89285,-16713000,46377,276324,-229947,-0.00658099650139688,3.93765123041757e-10,-9.05451087480829e-05,3.51573190107833e-05,12.5057882734547,0.171833490801979,0.862708428126362,0.0264496099495905,68,4.21950770517611,1.0682,22.1267795897197,8,2.07944154167984,1,-0.198345334783103,466877470.864907,290.150258992775,-788.146369074597,-0.198345325348649,0.191764328847252,0.191764328847252,0.191764328847252,0.191764328847252
2018,"UBA",3591305000,3226707000,364598000,41047000,488626000,2931826000,341504,316272,1229317,1469512,97502,-447579000,25232,-240195,-214963,-0.152662197551969,3.41084361759531e-10,-7.33205176569142e-05,3.32564074402778e-05,12.6643578818217,0.0797794303637375,0.898477572915695,0.0238150389199583,69,4.23410650459726,1.0682,22.3063059738257,9,2.19722457733622,1,-0.198345334783103,466877470.864907,290.150258992775,-788.146369074597,-0.198345328301216,0.0456831307492466,0.0456831307492466,0.0456831307492466,0.0456831307492466
2019,"UBA",4136493000,3689971000,446522000,62750000,-317453000,3591305000,406600,341504,1603229,1229317,107448,-254703000,65096,373912,-308816,-0.0709221299778214,2.78450312630089e-10,-8.59899117451734e-05,2.99189291914777e-05,12.7411146709551,0.190615629685157,0.892053002386321,0.0229296587540587,70,4.24849524204936,1.0682,22.4467557444645,10,2.30258509299405,1,-0.198345334783103,466877470.864907,290.150258992775,-788.146369074597,-0.198345326493696,0.127423196515874,0.127423196515874,0.127423196515874,0.127423196515874
2020,"UBA",5207833000,4729893000,477940000,56911000,735114000,4136493000,381476,406600,1877594,1603229,123435,-678203000,-25124,274365,-299489,-0.163956037155146,2.41750681072106e-10,-7.2401669723604e-05,2.98404953181354e-05,12.9155851801764,-0.0617904574520413,0.908226703890083,0.0199001556252419,71,4.26267987704132,1.09,22.7642237937272,1,0,0,-0.198345334783103,466877470.864907,290.150258992775,-788.146369074597,-0.198345328650646,0.0343892914955002,0.0343892914955002,0.0343892914955002,0.0343892914955002
2021,"UBA",5574976000,5073375000,501601000,58669000,671618000,5207833000,381493,381476,1968226,1877594,141581,-612949000,17,90632,-90615,-0.117697514494032,1.92018446060002e-10,-1.73997514897271e-05,2.71861636116212e-05,12.8518032181603,4.45637471295704e-05,0.910026339126841,0.0208535731839044,72,4.27666611901606,1.09,22.8681811653915,2,0.693147180559945,0,-0.198345334783103,466877470.864907,290.150258992775,-788.146369074597,-0.198345333741264,0.0806478192472316,0.0806478192472316,0.0806478192472316,0.0806478192472316
2022,"UBA",7361044000,6775851000,585193000,133696000,1063228000,5574976000,528519,381493,2354850,1968226,163841,-929532000,147026,386624,-239598,-0.166732915083401,1.79372969497985e-10,-4.29774047457783e-05,2.93886466955194e-05,12.8518477809145,0.385396324441078,0.920501358231251,0.0199001556252419,73,4.29045944114839,1.09,23.1081284616104,3,1.09861228866811,0,-0.198345334783103,466877470.864907,290.150258992775,-788.146369074597,-0.198345332072353,0.0316124169889517,0.0316124169889517,0.0316124169889517,0.0316124169889517
2013,"Union Bank",882097000,694313000,187784000,5121000,-56377000,886468000,103602000,96484000,210118000,136980000,43351000,-51256000,7118000,73138000,-66020000,-0.0578204740611054,1.12807230492246e-09,-0.0744753335709806,0.0489030624906934,18.3848877494536,0.0737738899713942,0.787116382892131,0.0454018724395566,42,3.73766961828337,3.8388,20.7260180461418,4,1.38629436111989,0,-0.0215853739962864,31580941.7506816,-0.0170633621693132,-1.74600279932438,-0.0136472891648089,-0.0441731848962966,0.0441731848962966,-0.0441731848962966,0.0441731848962966
2014,"Union Bank",920936000,714962000,205974000,20486000,-121957000,882097000,109821000,103602000,302372000,210118000,49428000,-101471000,6219000,92254000,-86035000,-0.115033834147492,1.13366217094038e-09,-0.0975346248768559,0.0560346537852413,18.4560671926226,0.060027798691145,0.776342764318042,0.0490716508927749,43,3.76120011569356,3.8388,20.7323811658171,5,1.6094379124341,0,-0.0215853739962864,31580941.7506816,-0.0170633621693132,-1.74600279932438,-0.00893248852158549,-0.106101345625906,0.106101345625906,-0.106101345625906,0.106101345625906
2015,"Union Bank",998137000,767469000,230668000,17721000,10975000,920936000,118366000,109821000,3489849000,302372000,49690000,6746000,8545000,3187477000,-3178932000,0.00732515614548677,1.08585178557468e-09,-3.45184898842048,0.0539559752252057,18.5143623255831,0.077808433723969,0.768901463426363,0.0475426309495153,44,3.78418963391826,3.8388,20.7690916116518,6,1.79175946922805,1,-0.0215853739962864,31580941.7506816,-0.0170633621693132,-1.74600279932438,11.8965873121257,-11.8892621559802,11.8892621559802,-11.8892621559802,11.8892621559802
2016,"Union Bank",1123483000,872144000,251339000,15885000,-69986000,998137000,123455000,118366000,48989000,3489849000,52567000,-54101000,5089000,-3440860000,-3435771000,-0.054201978285546,1.00186647724711e-09,-3.44218378839779,0.0526651151094489,18.5892920770131,0.042993765101465,0.776285889506116,0.0421495638957054,45,3.80666248977032,3.8388,20.9485526897481,7,1.94591014905531,1,-0.0215853739962864,31580941.7506816,-0.0170633621693132,-1.74600279932438,11.8298174734617,-11.8840194517473,11.8840194517473,-11.8840194517473,11.8840194517473
2017,"Union Bank",1334921000,1013533000,321388000,12839000,68160000,1123483000,157556000,123455000,488555000,48989000,55801000,-55321000,34101000,439566000,-405465000,-0.049240620463327,8.90089124624049e-10,-0.36089998691569,0.0496678632431465,18.6313872751629,0.276222105220526,0.759245678208673,0.0384640751885898,46,3.8286413964891,3.8388,21.0986428027373,8,2.07944154167984,1,-0.0215853739962864,31580941.7506816,-0.0170633621693132,-1.74600279932438,0.111130323198599,-0.160370943661926,0.160370943661926,-0.160370943661926,0.160370943661926
2018,"Union Bank",1324297000,1124210000,200087000,18438000,37394000,1334921000,142534000,157556000,428037000,488555000,59830000,-18956000,-15022000,-60518000,-75540000,-0.0142000912413544,7.49107999649417e-10,-0.056587618293517,0.0448191316190246,18.8752915085906,-0.0953438777323618,0.848910780587738,0.0409561583159022,47,3.85014760171006,3.8388,21.1043412532457,9,2.19722457733622,1,-0.0215853739962864,31580941.7506816,-0.0170633621693132,-1.74600279932438,-0.0163744608930701,0.00217436965171576,0.00217436965171576,0.00217436965171576,0.00217436965171576
2019,"Union Bank",1711739000,1480547000,231192000,24375000,207318000,1324297000,159861000,142534000,550613000,428037000,57934000,-182943000,17327000,122576000,-105249000,-0.138143482919617,7.55117620896219e-10,-0.0794753744817061,0.0437469842490015,18.7750911257046,0.121563977717597,0.864937353182933,0.0309619913354709,48,3.87120101090789,3.8388,21.3503966048249,10,2.30258509299405,1,-0.0215853739962864,31580941.7506816,-0.0170633621693132,-1.74600279932438,-0.0133552402163965,-0.12478824270322,0.12478824270322,-0.12478824270322,0.12478824270322
2020,"Union Bank",2073758000,1826237000,247521000,24653000,-35912000,1711739000,156885000,159861000,692803000,550613000,57342000,-11259000,-2976000,142190000,-145166000,-0.00657752145625005,5.84201212918558e-10,-0.0848061532745354,0.033499265951176,18.8898152456161,-0.0186161728001201,0.88064132844816,0.026181341526755,49,3.89182029811063,3.8388,21.5076357642169,1,0,0,-0.0215853739962864,31580941.7506816,-0.0170633621693132,-1.74600279932438,-0.0132710895437947,0.00669356808754469,0.00669356808754469,0.00669356808754469,0.00669356808754469
2021,"Union Bank",2567441000,2315954000,251487000,19180000,290088000,2073758000,160656000,156885000,868840000,692803000,57653000,-270908000,3771000,176037000,-172266000,-0.130636265176554,4.82216343469199e-10,-0.0830694806240651,0.0278012188500298,18.8710236108386,0.024036714791089,0.902047603041316,0.0409561583159022,50,3.91202300542815,3.8388,21.6771486487782,2,0.693147180559945,0,-0.0215853739962864,31580941.7506816,-0.0170633621693132,-1.74600279932438,-0.0139119276155872,-0.116724337560967,0.116724337560967,-0.116724337560967,0.116724337560967
2022,"Union Bank",2793674000,2503824000,289850000,29088000,80277000,2567441000,208172000,160656000,968888000,868840000,53026000,-51189000,47516000,100048000,-52532000,-0.0199377512472536,3.89492884159753e-10,-0.0204608401906801,0.0206532496754551,18.8947759911014,0.295762374265511,0.896247736851186,0.0309619913354709,51,3.93182563272433,3.8845,21.7513680322998,3,1.09861228866811,0,-0.0215853739962864,31580941.7506816,-0.0170633621693132,-1.74600279932438,-0.0207401712928211,0.000802420045567527,0.000802420045567527,0.000802420045567527,0.000802420045567527
2013,"Unity  Bank",403629290,375416650,28212639,-22582339,23788331,395720180,62828,53760,202615,202628,20092,-46370670,9068,-13,9055,-0.11718045311715,2.52703817126536e-09,2.28823306408079e-05,5.07732509370637e-05,10.892284975197,0.168675595238095,0.930102594883538,0.0506027406560896,7,1.94591014905531,1.09,19.8160074156638,5,1.6094379124341,0,-0.0784773396585442,68656735.4310393,-130.072064002644,-3609.57507452918,-0.0784773365570201,-0.0387031165601295,0.0387031165601295,-0.0387031165601295,0.0387031165601295
2014,"Unity  Bank",413305111,337041116,76263995,10692376,32248858,403629290,77067,62828,235494,202615,18709,-21556482,14239,32879,-18640,-0.0534066345878913,2.47752089547317e-09,-4.61809894916199e-05,4.63519384334075e-05,11.0481561129629,0.226634621506335,0.815477735526963,0.0376824485022515,8,2.07944154167984,1.09,19.8396966457254,6,1.79175946922805,0,-0.0784773396585442,68656735.4310393,-130.072064002644,-3609.57507452918,-0.0784773353773582,0.0250707007894669,0.0250707007894669,0.0250707007894669,0.0250707007894669
2015,"Unity  Bank",443321012,360746481,82574531,4689457,36691170,413305111,78174,77067,264722,235494,18968,-32001713,1107,29228,-28121,-0.0774287860185692,2.41952004314798e-09,-6.80393231333643e-05,4.58934561784309e-05,11.2524304523624,0.0143641247226439,0.813736482673192,0.0367075155066503,9,2.19722457733622,1.09,19.9098046976445,7,1.94591014905531,1,-0.0784773396585442,68656735.4310393,-130.072064002644,-3609.57507452918,-0.0784773329229854,0.00104854690441614,0.00104854690441614,0.00104854690441614,0.00104854690441614
2016,"Unity  Bank",492681647,409574667,83106980,2183798,36691171,443321012,84021,78174,286539,264722,22801,-34507373,5847,21817,-15970,-0.0778383430199334,2.25570178929394e-09,-3.60235575750242e-05,5.14322564976911e-05,11.266692390431,0.0747946887712027,0.831317077658466,0.0402469567514879,10,2.30258509299405,1.3608,20.0153737769726,8,2.07944154167984,1,-0.0784773396585442,68656735.4310393,-130.072064002644,-3609.57507452918,-0.0784773357155704,0.000638992695637067,0.000638992695637067,0.000638992695637067,0.000638992695637067
2017,"Unity  Bank",156506504,398699659,-242193155,-14917938,6744837,492681647,89926,84021,24579,286539,21501,-21662775,5905,-261960,-256055,-0.0439691129797656,2.02970824281587e-09,-0.000519716944114218,4.36407569287841e-05,11.3388220465807,0.0702800490353602,2.54749578330623,0.039181031725133,11,2.39789527279837,1.3608,18.8686081261864,9,2.19722457733622,1,-0.0784773396585442,68656735.4310393,-130.072064002644,-3609.57507452918,-0.0784770676483265,0.0345079546685609,0.0345079546685609,0.0345079546685609,0.0345079546685609
2018,"Unity  Bank",235976190,479663155,-243686965,1269434,1480373,156506504,34654,89926,76160,24579,20602,-210939,-55272,51581,-106853,-0.00134779702190524,6.38951081547384e-09,-0.000682738399165826,0.000131636701820392,11.4067423888801,-0.614638702933523,2.03267607210711,0.044089090908098,12,2.484906649788,1.1316,19.2792414680696,10,2.30258509299405,1,-0.0784773396585442,68656735.4310393,-130.072064002644,-3609.57507452918,-0.0784768561986012,0.0771290591766959,0.0771290591766959,0.0771290591766959,0.0771290591766959
2019,"Unity  Bank",293052070,561907958,278855888,3383189,39427662,235976190,44587,34654,137743,76160,21963,-36044473,9933,61583,-51650,-0.152746228337698,4.23771567800972e-09,-0.000218878014769202,9.30729494361274e-05,10.4531684380708,0.286633577653373,1.9174338471658,0.0380575525890865,13,2.56494935746154,1.1316,19.4958608645028,1,0,0,-0.0784773396585442,68656735.4310393,-130.072064002644,-3609.57507452918,-0.0784772830883849,-0.0742689452493131,0.0742689452493131,-0.0742689452493131,0.0742689452493131
2020,"Unity  Bank",492020329,967430125,275409796,2086393,15652113,293052070,42709,44587,235146,137743,21915,-13565720,-1878,97403,-99281,-0.0462911591103929,3.41236286097553e-09,-0.000338782797200511,7.47819320982786e-05,10.705197615699,-0.0421199004194048,1.96624014899189,0.0288287529330019,14,2.63905732961526,1.0682,20.0140305927087,2,0.693147180559945,0,-0.0784773396585442,68656735.4310393,-130.072064002644,-3609.57507452918,-0.0784772192924231,0.0321860601820302,0.0321860601820302,0.0321860601820302,0.0321860601820302
2021,"Unity  Bank",538868756,815022211,-276153455,3173252,68868973,492020329,48977,42709,306250,235146,22668,-65695721,6268,71104,-64836,-0.133522371186415,2.03243634675103e-09,-0.00013177504297795,4.60712671081524e-05,10.662164949841,0.146760635931537,1.51246885614574,0.0219672529580312,15,2.70805020110221,1.0682,20.1049826020059,3,1.09861228866811,0,-0.0784773396585442,68656735.4310393,-130.072064002644,-3609.57507452918,-0.0784773201713205,-0.0550450510150944,0.0550450510150944,-0.0550450510150944,0.0550450510150944
2022,"Unity  Bank",510143959,785092126,274948167,941375,26933973,538868756,56916,48977,311088,306250,23460,-25992598,7939,4838,3101,-0.0482354890881816,1.85573943351802e-09,5.75464798333938e-06,4.35356471103327e-05,10.7991060791407,0.162096494272822,1.53896191878654,0.0190716549142186,16,2.77258872223978,1.0682,20.0502035164003,4,1.38629436111989,0,-0.0784773396585442,68656735.4310393,-130.072064002644,-3609.57507452918,-0.0784773377300756,0.030241848641894,0.030241848641894,0.030241848641894,0.030241848641894
2013,"Zenith",2878693000,2406071000,472622000,83414000,235619000,2436886000,311275,279042,1376083,1099145,67364,-152205000,32233,276938,-244705,-0.0624588101371997,4.10359778832494e-10,-0.000100417089679205,2.76434761412721e-05,12.5391175871083,0.115513076884483,0.835820631098905,0.0220830617094472,23,3.13549421592915,4.0086,21.8684859101249,4,1.38629436111989,0,-0.149630523370056,75324972.0452845,92.7879508556321,3718.74135088474,-0.149630512522302,0.0871717023851026,0.0871717023851026,0.0871717023851026,0.0871717023851026
2014,"Zenith",3423819000,2911112000,512707000,92479000,-146441000,2878693000,372015,311275,2050389,1376083,69531,-53962000,60740,674306,-613566,-0.0187453125428797,3.47379869961819e-10,-0.000213140477292994,2.41536697383153e-05,12.6484320448206,0.195132921050518,0.850252890120652,0.0190588464619265,24,3.17805383034795,4.0086,22.0464244259495,5,1.6094379124341,0,-0.149630523370056,75324972.0452845,92.7879508556321,3718.74135088474,-0.149630477357793,0.130885164814913,0.130885164814913,0.130885164814913,0.130885164814913
2015,"Zenith",3750327000,3203381000,546946000,98784000,-415396000,3423819000,396653,372015,2116119,2050389,81187,-316612000,24638,65730,-41092,-0.0924733462837843,2.92071514294418e-10,-1.20018026653862e-05,2.37124100310209e-05,12.826689455023,0.066228512291171,0.854160450542046,0.0217183507610233,25,3.2188758248682,0.975,22.1112692368272,6,1.79175946922805,1,-0.149630523370056,75324972.0452845,92.7879508556321,3718.74135088474,-0.149630522663734,0.05715717637995,0.05715717637995,0.05715717637995,0.05715717637995
2016,"Zenith",4283736000,3667383000,616353000,119285000,-104917000,3750327000,454808,396653,2492537,2116119,94613,14368000,58155,376418,-318263,0.00383113259190465,2.66643415360847e-10,-8.48627333029893e-05,2.52279334575358e-05,12.8908171220445,0.146614295114369,0.856117884015261,0.0222126344327058,26,3.25809653802148,0.975,22.2792660521406,7,1.94591014905531,1,-0.149630523370056,75324972.0452845,92.7879508556321,3718.74135088474,-0.149630515531924,0.153461648123828,0.153461648123828,0.153461648123828,0.153461648123828
2017,"Zenith",4833658000,4126133000,707525000,157145000,-255750000,4283736000,673636,454808,2253795,2492537,118223,-98605000,218828,-238742,-19914,-0.023018458653848,2.33441089740357e-10,-4.64874586108948e-06,2.75981059523743e-05,13.0276306308533,0.481143691403845,0.853625349579966,0.023820906757925,27,3.29583686600433,0.975,22.4451843966334,8,2.07944154167984,1,-0.149630523370056,75324972.0452845,92.7879508556321,3718.74135088474,-0.14963052258679,0.126612063932942,0.126612063932942,0.126612063932942,0.126612063932942
2018,"Zenith",4955445000,4280413000,675032000,165480000,184314000,4833658000,538004,673636,2129532,2253795,133854,-18834000,-135632,-124263,-259895,-0.00389642792270367,2.06882654916835e-10,-5.37677675996109e-05,2.76920708912381e-05,13.4204451846627,-0.201343158619789,0.863779741274497,0.0250410110633325,28,3.3322045101752,0.975,22.5076162601865,9,2.19722457733622,1,-0.149630523370056,75324972.0452845,92.7879508556321,3718.74135088474,-0.149630519712232,0.145734091789529,0.145734091789529,0.145734091789529,0.145734091789529
2019,"Zenith",5435073000,4656078000,778995000,178003000,390093000,4955445000,564687,538004,2721542,2129532,165456,-212090000,26683,592010,-565327,-0.0427993853226098,2.01798223973831e-10,-0.000114081984564454,3.33887269458142e-05,13.1956212740605,0.0495962855294756,0.856672578270798,0.0291822169604935,29,3.36729582998647,6.2928,22.5712290329642,10,2.30258509299405,1,-0.149630523370056,75324972.0452845,92.7879508556321,3718.74135088474,-0.14963050924055,0.10683112391794,0.10683112391794,0.10683112391794,0.10683112391794
2020,"Zenith",7124987000,6219755000,905232000,197852000,65920000,5435073000,595921,564687,3172174,2721542,169080,131932000,31234,450632,-419398,0.0242741909814275,1.83990169037288e-10,-7.71651089139005e-05,3.11090577808247e-05,13.2440268743228,0.055312057830267,0.872949662925701,0.0224223441955405,30,3.40119738166216,6.2928,22.8611262755013,1,0,0,-0.149630523370056,75324972.0452845,92.7879508556321,3718.74135088474,-0.149630516447828,0.173904707429256,0.173904707429256,0.173904707429256,0.173904707429256
2021,"Zenith",7872292000,6822517000,1049775000,233133000,457857000,7124987000,677283,595921,3617505,3172174,177501,-224724000,81362,445331,-363969,-0.0315402680734716,1.40351133272243e-10,-5.10834616259651e-05,2.49124665069564e-05,13.2978633869263,0.136531520117599,0.866649382416201,0.023820906757925,31,3.43398720448515,6.2928,22.9690522984299,2,0.693147180559945,0,-0.149630523370056,75324972.0452845,92.7879508556321,3718.74135088474,-0.149630520139905,0.118090252066433,0.118090252066433,0.118090252066433,0.118090252066433
2022,"Zenith",10570678000,9375531000,1195147000,234593000,1279760000,7872292000,833087,677283,4868472,3617505,214572,-1045167000,155804,1250967,-1095163,-0.132765273442601,1.27027808419708e-10,-0.000139116155752353,2.72566109082336e-05,13.4258444852276,0.230042685258599,0.886937526618444,0.0250410110633325,32,3.46573590279973,6.2928,23.2316960422601,3,1.09861228866811,0,-0.149630523370056,75324972.0452845,92.7879508556321,3718.74135088474,-0.149630503273828,0.0168652298312273,0.0168652298312273,0.0168652298312273,0.0168652298312273
